dir,Question,Methodology,score1,score2,score3,average_score
0,What are the main concerns with AI?,Question Only,0.13350275406564038,0.39844536576378997,0.5708430092455444,0.3675970430249916
0,What are the main concerns with AI?,Question & FAISS Vector,0.745706462753034,0.13564838334545892,0.575063201918734,0.48547268267240895
0,What are the main concerns with AI?,Question & FAISS Vector Summaries,0.9351318948154077,0.7436603639876014,0.9674224912924761,0.8820715833651618
0,What are the main concerns with AI?,Question & Related Docs,0.6243882511636479,0.3067066875919585,0.5577147645155726,0.496269901090393
0,What are the main concerns with AI?,"Question, FAISS Vector & Related Docs",0.22296486226297563,0.5824836228265133,0.7846349637843916,0.5300278162912936
0,What are the main concerns with AI?,"Question, FAISS Vector Summaries & Related Docs",0.14157668892608855,0.12527013814333365,0.5213098530831012,0.2627188933841745
